"Device","Comment"
"X0","PLC_Heartbeat (100ms pulse)"
"X1","PLC_Ack (Result received)"
"X2","Sensor_Part_Chamber (Cam in)"
"X3","Sensor_Outside_Station (NG)"
"X4","Btn_NG_Confirm (Reset NG)"
"X5","Encoder_Phase_A"
"X6","Encoder_Phase_B"
"Y0","Conveyor_Main_Run (Motor Y0)"
"Y20","Reject_Pusher (Piston Y20)"
"Y21","NG_Stopper_Outside (Y21)"
"Y22","NG_Alarm_Beacon (Y22)"
"M10","PLC_Trigger_Bit (M10)"
"M11","PLC_Ack_Bit (M11)"
"M20","Part_InFlight_Push (M20)"
"M30","Part_Result_NG (M30)"
"M31","Part_Result_Pass (M31)"
"M100","PC_Heartbeat_Watchdog"
"M101","Vision_Ready (MC bit)"
"M102","Vision_Busy (MC bit)"
"M103","Vision_Done (MC bit)"
"M104","Vision_Pass (MC bit)"
"M105","Vision_NG (MC bit)"
"M108","PLC_Heartbeat_Bit"
"M120","Opt_StopConveyor_On_NG"
"M202","Vision_Fault_Alarm"
"M210","Handshake_Timeout_Alarm"
"M211","Handshake_Reset_Cmd"
"M215","NG_Holding_Outside"
"T0","Timer_Watchdog_Vision (300ms)"
"T1","Timer_PLC_Heartbeat (100ms)"
"T2","Timer_Handshake_Timeout"
"T10","Timer_Reject_Pulse (150ms)"
"D100","Reject_Distance_Mm (1500mm)"
"D102","Reject_Tolerance_Mm (15mm)"
"D200","Origin_X_Coord (mm Float)"
"D202","Origin_Y_Coord (mm Float)"
"D204","Origin_Angle_Deg (Float)"
"D210","Measure_Dist1 (mm Float)"
"D300","Total_Inspected_Count"
"D302","Total_Pass_Count"
"D304","Total_NG_Count"
"D1000","Current_Encoder_Pulses"
"D1002","Current_Line_Speed_Mpm"
"D1004","Current_Position_Mm"
