"Class","Label Name","Data Type","Constant","Assign (Device/Label)","Comment"
"VAR_GLOBAL","Vision_Heartbeat","Bit","","Y0","Heartbeat bit Vision PC (100ms)"
"VAR_GLOBAL","PLC_Heartbeat","Bit","","X0","Heartbeat bit PLC (100ms)"
"VAR_GLOBAL","Vision_Ready","Bit","","Y1","Vision system ready to receive trigger"
"VAR_GLOBAL","Vision_Busy","Bit","","Y2","Vision system is currently inspecting"
"VAR_GLOBAL","Vision_Done","Bit","","Y3","Vision inspection completed pulse"
"VAR_GLOBAL","Vision_Pass","Bit","","Y4","Inspection result: PASS / OK"
"VAR_GLOBAL","Vision_NG","Bit","","Y5","Inspection result: FAIL / NG"
"VAR_GLOBAL","PLC_Trigger","Bit","","M10","PLC trigger camera frame capture"
"VAR_GLOBAL","Part_Trigger_Latch","Bit","","M20","Latch Encoder trigger position for In-Flight"
"VAR_GLOBAL","Shift_Register_Push_NG","Bit","","M30","Push NG target to Reject FIFO"
"VAR_GLOBAL","Shift_Register_Pop_Pass","Bit","","M31","Pop OK target from In-Flight queue"
"VAR_GLOBAL","PLC_Ack","Bit","","X1","PLC acknowledge receipt of results"
"VAR_GLOBAL","Vision_Fault","Bit","","M202","Vision communication loss or fault"
"VAR_GLOBAL","Line_E_Stop","Bit","","Y10","Emergency stop output conveyor"
"VAR_GLOBAL","Reject_Piston","Bit","","Y20","Solenoid valve reject NG product"
"VAR_GLOBAL","Encoder_Pulses","Double Word [Signed]","","D1000","Current Encoder 32-bit Pulse"
"VAR_GLOBAL","Line_Speed_Mpm","Word [Signed]","","D1002","Current Line Speed (m/min)"
"VAR_GLOBAL","Current_Position_Mm","Single-precision real","","D1004","Current absolute line position mm"
"VAR_GLOBAL","Reject_Distance_Mm","Word [Signed]","","D100","Distance Camera to Reject Station mm"
"VAR_GLOBAL","Reject_Tolerance_Mm","Word [Signed]","","D102","Trigger tolerance window mm"
"VAR_GLOBAL","Origin_X","Single-precision real","","D200","Detected Part Origin X mm"
"VAR_GLOBAL","Origin_Y","Single-precision real","","D202","Detected Part Origin Y mm"
"VAR_GLOBAL","Origin_Angle","Single-precision real","","D204","Detected Part Origin Angle Deg"
"VAR_GLOBAL","Measure_Distance1","Single-precision real","","D210","Measurement Dimension 1 mm"
"VAR_GLOBAL","Total_Inspected_Count","Double Word [Signed]","","D300","Total parts inspected counter"
"VAR_GLOBAL","Total_Pass_Count","Double Word [Signed]","","D302","Total OK parts counter"
"VAR_GLOBAL","Total_NG_Count","Double Word [Signed]","","D304","Total NG parts counter"
"VAR_GLOBAL","Vision_Ready_M","Bit","","M101","Vision ready for MC Protocol"
"VAR_GLOBAL","Vision_Busy_M","Bit","","M102","Vision busy for MC Protocol"
"VAR_GLOBAL","Vision_Done_M","Bit","","M103","Vision done for MC Protocol"
"VAR_GLOBAL","Vision_Pass_M","Bit","","M104","Vision pass for MC Protocol"
"VAR_GLOBAL","Vision_NG_M","Bit","","M105","Vision NG for MC Protocol"
"VAR_GLOBAL","Sensor_Part_Chamber","Bit","","X2","Sensor part enter chamber"
"VAR_GLOBAL","Sensor_Outside_Station","Bit","","X3","Sensor part outside reject"
"VAR_GLOBAL","Btn_NG_Confirm","Bit","","X4","Confirm button NG removed"
"VAR_GLOBAL","Conveyor_Main_Run","Bit","","Y0","Main conveyor motor run"
"VAR_GLOBAL","NG_Stopper_Outside","Bit","","Y21","Stopper cylinder outside"
"VAR_GLOBAL","NG_Alarm_Beacon","Bit","","Y22","Alarm beacon for NG outside"
